CohortMonth,CohortIndex,Customers,Revenue,CohortSize,RetentionRate
2010-12-01,1,884,565749.56,884,1.0
2010-12-01,2,323,273849.62,884,0.36538461538461536
2010-12-01,3,286,232064.88,884,0.3235294117647059
2010-12-01,4,339,296901.62,884,0.3834841628959276
2010-12-01,5,320,202287.73,884,0.36199095022624433
2010-12-01,6,352,326103.34,884,0.39819004524886875
2010-12-01,7,320,311365.33,884,0.36199095022624433
2010-12-01,8,308,307866.63,884,0.34841628959276016
2010-12-01,9,312,326736.6,884,0.35294117647058826
2010-12-01,10,349,470033.1,884,0.3947963800904977
2010-12-01,11,330,449362.58,884,0.3733031674208145
2010-12-01,12,444,507746.88,884,0.502262443438914
2010-12-01,13,234,184084.62,884,0.2647058823529412
2011-01-01,1,416,289033.29000000004,416,1.0
2011-01-01,2,91,53128.66,416,0.21875
2011-01-01,3,111,62462.06,416,0.2668269230769231
2011-01-01,4,95,64893.3,416,0.2283653846153846
2011-01-01,5,132,79925.57,416,0.3173076923076923
2011-01-01,6,120,83209.67,416,0.28846153846153844
2011-01-01,7,103,69548.35,416,0.24759615384615385
2011-01-01,8,100,71356.15,416,0.2403846153846154
2011-01-01,9,123,71387.69,416,0.2956730769230769
2011-01-01,10,136,104419.21,416,0.3269230769230769
2011-01-01,11,152,121637.82,416,0.36538461538461536
2011-01-01,12,49,26128.03,416,0.11778846153846154
2011-02-01,1,380,157300.05,380,1.0
2011-02-01,2,71,27563.34,380,0.1868421052631579
2011-02-01,3,71,38885.66,380,0.1868421052631579
2011-02-01,4,109,48018.94,380,0.2868421052631579
2011-02-01,5,103,39916.17,380,0.2710526315789474
2011-02-01,6,93,33845.77,380,0.24473684210526317
2011-02-01,7,97,49570.91,380,0.25526315789473686
2011-02-01,8,104,60449.65,380,0.2736842105263158
2011-02-01,9,94,55007.61,380,0.24736842105263157
2011-02-01,10,116,64157.86,380,0.30526315789473685
2011-02-01,11,26,10546.22,380,0.06842105263157895
2011-03-01,1,452,196916.83,452,1.0
2011-03-01,2,67,28718.04,452,0.14823008849557523
2011-03-01,3,114,58421.7,452,0.252212389380531
2011-03-01,4,90,42366.69,452,0.19911504424778761
2011-03-01,5,101,50244.76,452,0.2234513274336283
2011-03-01,6,76,39776.33,452,0.168141592920354
2011-03-01,7,121,64531.35,452,0.2676991150442478
2011-03-01,8,104,68641.55,452,0.23008849557522124
2011-03-01,9,126,70445.83,452,0.27876106194690264
2011-03-01,10,39,12761.1,452,0.08628318584070796
2011-04-01,1,298,119601.65,298,1.0
2011-04-01,2,63,28595.04,298,0.21140939597315436
2011-04-01,3,60,24363.84,298,0.20134228187919462
2011-04-01,4,62,23487.99,298,0.2080536912751678
2011-04-01,5,58,25838.26,298,0.19463087248322147
2011-04-01,6,68,29420.44,298,0.22818791946308725
2011-04-01,7,65,28202.57,298,0.2181208053691275
2011-04-01,8,78,33721.61,298,0.26174496644295303
2011-04-01,9,22,6116.0,298,0.0738255033557047
2011-05-01,1,283,117761.22,283,1.0
2011-05-01,2,53,18307.36,283,0.1872791519434629
2011-05-01,3,49,19965.61,283,0.17314487632508835
2011-05-01,4,49,19010.170000000002,283,0.17314487632508835
2011-05-01,5,59,27594.54,283,0.20848056537102475
2011-05-01,6,66,32341.84,283,0.2332155477031802
2011-05-01,7,75,32863.340000000004,283,0.26501766784452296
2011-05-01,8,27,178985.38,283,0.09540636042402827
2011-06-01,1,242,133663.03,242,1.0
2011-06-01,2,42,14078.1,242,0.17355371900826447
2011-06-01,3,38,13318.37,242,0.15702479338842976
2011-06-01,4,64,30195.77,242,0.2644628099173554
2011-06-01,5,56,26152.56,242,0.23140495867768596
2011-06-01,6,80,40028.77,242,0.3305785123966942
2011-06-01,7,23,8057.22,242,0.09504132231404959
2011-07-01,1,185,71657.6,185,1.0
2011-07-01,2,32,11259.54,185,0.17297297297297298
2011-07-01,3,38,14998.39,185,0.20540540540540542
2011-07-01,4,42,17214.93,185,0.22702702702702704
2011-07-01,5,51,18637.08,185,0.2756756756756757
2011-07-01,6,21,5772.06,185,0.11351351351351352
2011-08-01,1,169,78467.02,169,1.0
2011-08-01,2,34,19131.93,169,0.20118343195266272
2011-08-01,3,41,31660.22,169,0.24260355029585798
2011-08-01,4,41,38919.06,169,0.24260355029585798
2011-08-01,5,21,13594.1,169,0.1242603550295858
2011-09-01,1,299,151909.77,299,1.0
2011-09-01,2,70,27767.11,299,0.23411371237458195
2011-09-01,3,90,36481.0,299,0.3010033444816054
2011-09-01,4,34,12151.53,299,0.11371237458193979
2011-10-01,1,357,162256.38,357,1.0
2011-10-01,2,84,39349.21,357,0.23529411764705882
2011-10-01,3,41,12441.28,357,0.11484593837535013
2011-11-01,1,323,133645.54,323,1.0
2011-11-01,2,36,15082.08,323,0.11145510835913312
2011-12-01,1,41,26658.46,41,1.0
